"","wx","wy"
"wx",0.351714501890675,0.00165455919163972
"wy",0.00165455919163972,0.266274031025927
