"","wx","wy"
"(Intercept)",-0.0148293725715354,0.0125017837941564
"train_t0wx",0.973413650274294,0.00368321506356547
"train_t0wy",0.00807363373200199,0.964469326072291
